Workbook
Name LIST: Table1[DESCRIPTION2]
Name list: Table1[DESCRIPTION2]

Sheet Table 1
A1: STORE INVENTORY STOCK
A2: S.NO. | B2: MEDICINE | C2: QUANT. | D2: DISPENSED+DATE
A3: CREAMS
A4: 1 | B4: BETADERM (betamethasone) | C4: 4
A5: 2 | B5: Clotrim (Clotrimazole) | C5: 3 | D5: 2 (25-7)
A6: 3 | B6: DAKTARIN GEL (miconazole) | C6: 4
A7: 4 | B7: DEXA-N (dexamethasone + neomycin) | C7: 4
A8: 5 | B8: FUDINAC (Fusidic acid + betamethasone valerate) | C8: 18
A9: 6 | B9: Fusidic-h (Fusidic Acid + Hydrocortisone Acetate) | C9: 0
A10: 7 | B10: KANDEX-N (dexamethasone + neomycin) | C10: 12
A11: 8 | B11: MIDRAZOLE (miconazole) | C11: 34
A12: 9 | B12: MAFDIC (Fusidic acid) | C12: 12
A13: 10 | B13: MAFTRIM (Clotrimazole) | C13: 0
A14: 11 | B14: NOVESTEN (Clotrimazole) | C14: 0
A15: 12 | B15: POLYFAX | C15: 9
A16: 13 | B16: SCABFREE (permethrin) | C16: 5
A17: 14 | B17: SKINFAX | C17: 14
A18: 15 | B18: XYLOAID (lidocaine) | C18: 4
A19: SYRUPS
A20: 1 | B20: ABDO-Z | C20: 6
A21: 2 | B21: AUGMENTIN DS | C21: 56
A22: 3 | B22: AMOXIL 125mg | C22: 50
A23: 4 | B23: AMOXIL 250mg | C23: 50
A24: 5 | B24: CITRALKA | C24: 15 | D24: 2 (25-7)
A25: 6 | B25: ENTAMIZOLE | C25: 28
A26: 7 | B26: FAMIRON | C26: 66
A27: 8 | B27: FAMVID | C27: 90
A28: 9 | B28: IVA | C28: 69
A29: 10 | B29: KRAZE | C29: 50
A30: 11 | B30: MEDIV | C30: 4
A31: 12 | B31: MULTILIFE | C31: 3
A32: 13 | B32: OREXIM | C32: 15
A33: 14 | B33: OREXIM DS | C33: 34
A34: 15 | B34: PARACETMAOL | C34: 3 cartons
A35: 16 | B35: TUSIN | C35: 35
A36: 17 | B36: VELOSEF 125mg | C36: 5 | D36: 2 (25-7)
A37: 18 | B37: VELOSEF 250mg | C37: 5
A38: 19 | B38: ZINKROL | C38: 1 carton
A39: 450ML SYRUPS
A40: 1 | B40: Promethazine | C40: 24
A41: 2 | B41: Colic | C41: 8
A42: 3 | B42: Samodryl | C42: 19+carton
A43: 4 | B43: Biniplex (B-Complex) | C43: 40
A44: 5 | B44: Regoplex (B-Complex) | C44: 25
A45: 6 | B45: Chloramine | C45: 21
A46: 7 | B46: Samosil | C46: 4+caron
A47: 8 | B47: Ural (Sodium Acid Citrate) | C47: 32
A48: 9 | B48: Novogel (Aluminia Magnesic Suspension) | C48: 1
A49: 10 | B49: Metrozyl (Aluminia Magnesic Suspension)
A50: SACHETS
A51: 1 | B51: Myo-Inositol | C51: 9
A52: 2 | B52: Cal Cee | C52: 10 | D52: 2 (25-7)
A53: 3 | B53: CranMac | C53: 4
A54: 4 | B54: Zetalukast | C54: 8
A55: 5 | B55: ORS | C55: 17
A56: 6 | B56: Genixime | C56: 50
A57: 7 | B57: EfzoCal-C | C57: 1
A58: EYE DROPS
A59: 1 | B59: Blink fresh | C59: 20
A60: 2 | B60: Tear Plus | C60: 1
A61: 3 | B61: Poly Tears | C61: 1
A62: 4 | B62: BFL (Flourometholone) | C62: 7
A63: 5 | B63: FML (Flourometholone) | C63: 1
A64: 6 | B64: Hyspa (Na Hyaluronate) | C64: 1
A65: 7 | B65: Optitek 0.3% | C65: 10
A66: 8 | B66: Nafen (Nepafenac) | C66: 10
A67: 9 | B67: Barnep (Nepafenac) | C67: 1
A68: INJECTIONS
A69: 1 | B69: Adfenac | C69: 26 boxes (100 each)
A70: 2 | B70: Adicovil | C70: 4 boxes (100 each)
A71: 3 | B71: Aldron (Dexamethasone) | C71: 26 boxes (25 each)
A72: 4 | B72: Amcobal | C72: 1 box (10 each)
A73: 5 | B73: Amcyno (Vit B) | C73: 6 box (25 each)
A74: 6 | B74: Amroplex (Vit B) | C74: 5 box (25 each)
A75: 7 | B75: Dexamethasone | C75: 3 box (100 each)
A76: 8 | B76: Dexamethasone imported | C76: 6 boxes (100 each)
A77: 9 | B77: Gentamicin | C77: 1 box (100 each)
A78: 10 | B78: Lincomycin | C78: 5 boxes (5 each)
A79: 11 | B79: New-D (Vit D3) | C79: 8 boxes (100 each)
A80: 12 | B80: Vit D3 | C80: 2 boxes (100 each)
... A82: 14 | B82: Preazit-L | C82: 9 boxes (100 each)
A83: TABLETS (BOX OF 1000)
A84: 1
A85: 2

Sheet Store
A2: S# | B2: DESCRIPTION | C2: COMPOSITION | D2: TYPE | E2: CATEGORY | F2: QTY
A3: 1 | B3: BETADERM | C3: MICONAZOLE + NEOMYCIN + BETAMETHASONE | D3: CREAM | E3: OPENING | F3: 4
A4: 2 | B4: CLOTRIM | C4: CLOTRIMAZOLE | D4: CREAM | E4: OPENING | F4: 3
A5: 3 | B5: DAKTARIN GEL | C5: MICONAZOLE | D5: GEL | E5: OPENING | F5: 4
A6: 4 | B6: DEXA-N | C6: DEXAMETHASONE + NEOMYCIN | D6: CREAM | E6: OPENING | F6: 4
A7: 5 | B7: FUDINAC | C7: FUSIDIC ACID + BETAMETHASONE VALERATE | D7: CREAM | E7: OPENING | F7: 18
A8: 6 | B8: FUSIDIC-H | C8: FUSIDIC ACID + BETHAMETHASONE VALERATE | D8: CREAM | E8: OPENING | F8: 0
A9: 7 | B9: GENTICYN | C9: GENTAMICIN | D9: CREAM | E9: OPENING | F9: 1
A10: 8 | B10: KANDEX-N | C10: DEXAMETHASONE + NEOMYCIN | D10: CREAM | E10: OPENING | F10: 12
A11: 9 | B11: MIDRAZOLE | C11: MICONAZOLE | D11: CREAM | E11: OPENING | F11: 34
A12: 10 | B12: MAFDIC | C12: FUSIDIC ACID | D12: CREAM | E12: OPENING | F12: 12
A13: 11 | B13: MAFTRIM | C13: CLOTRIMAZOLE | D13: CREAM | E13: OPENING | F13: 1
A14: 12 | B14: NOVESTEN | C14: CLOTRIMAZOLE | D14: CREAM | E14: OPENING | F14: 1
... A125: 123 | B125: COOVER 400MG | C125: CEFIXIME | D125: TABLET | E125: OPENING | F125: 19
A126: 124 | B126: DAFLON 500MG | C126: MICRONIAZID, PURIFIED FLAVONOID FRACTION | D126: TABLET | E126: OPENING
A127: 125 | B127: SAFEPRAM 10MG | C127: ESCITALOPRAM | D127: TABLET | E127: OPENING
A128: 126 | B128: COLDREX | C128: PARACETAMOL, DETROMETHORPHAN, CHLORPHENIRAMINE | D128: TABLET | E128: OPENING
A129: 127 | B129: AMLIS 10 MG | C129: AMLODIPINE BESYLATE | D129: TABLET | E129: OPENING
A130: 128 | B130: FEXOFAX 60MG | C130: FEXOFENADINE | D130: TABLET | E130: OPENING
A131: 129 | B131: ORTIZIN 10MG | C131: CETIRIZINE DIHYDROCHLORIDE | D131: TABLET | E131: OPENING | F131: 13
A132: 130 | B132: NEUROBION | C132: VIT B1, B6, B12 | D132: CAPSULE | E132: OPENING | F132: 3
A133: 131 | B133: MECOBALAMINE | C133: MECOBALAMINE | D133: CAPSULE | E133: OPENING | F133: 26
A134: 132 | B134: SANGOBION | C134: IRON + B COMPLEX | D134: CAPSULE | E134: OPENING | F134: 1
A135: 133 | B135: COZOLE | C135: FLUCONAZOLE | D135: CAPSULE | E135: OPENING | F135: 8
A136: 134 | B136: LINK-D | C136: VITAMIN D | D136: CAPSULE | E136: OPENING | F136: 36
A137: 135 | B137: LOPIUM | C137: LOPERAMIDE | D137: CAPSULE | E137: OPENING | F137: 32
A138: 136 | B138: FEFOL VIT | C138: IRON + VITAMINS + FOLIC ACID | D138: CAPSULE | E138: OPENING | F138: 4
A139: 137 | B139: ILARIO | C139: DULOXETINE | D139: CAPSULE | E139: OPENING | F139: 30
A140: 138 | B140: CLAMENTIN DS | C140: CO-AMOXICLAV | D140: CAPSULE | E140: OPENING | F140: 6
A141: 139 | B141: NOVOMAX 500MG | C141: AMOXICILLIN | D141: CAPSULE | E141: OPENING | F141: 1
A142: 140 | B142: AMOXYCILLIN 250MG | C142: AMOXICILLIN | D142: CAPSULE | E142: OPENING | F142: 10
... A173: 171 | B173: TRANSAMIN | C173: TRANEXAMIC ACID | D173: INJECTION | E173: OPENING | F173: 0
A174: 172

Sheet Stock register
A1: S # | B1: DESCRIPTION2 | C1: COMPOSITION | D1: TYPE | E1: UOM | F1: OPENING | G1: RECEIPT | H1: ISSUANCE | I1: BALANCE
A2: 1 | B2: BETADERM | C2: MICONAZOLE + NEOMYCIN + BETAMETHASONE | D2: CREAM | E2: BOX | F2: 4 | G2: =SUMIFS(TRANSACTION!D:D,TRANSACTION!C:C,Table1[[#This Row],[DESCRIPTION2]]) -> 20 | H2: =SUMIFS(TRANSACTION!$E:$E,TRANSACTION!$C:$C,Table1[[#This Row],[DESCRIPTION2]]) -> 24 | I2: =Table1[[#This Row],[OPENING]]+Table1[[#This Row],[RECEIPT]]-Table1[[#This Row],[ISSUANCE]] -> 0
A3: =IF(Table1[[#This Row],[DESCRIPTION2]]="","",A2+1) -> 2 | B3: CLOTRIM | C3: CLOTRIMAZOLE | D3: CREAM | E3: BOX | F3: 1 | G3: =SUMIFS(TRANSACTION!D:D,TRANSACTION!C:C,Table1[[#This Row],[DESCRIPTION2]]) -> 0 | H3: =SUMIFS(TRANSACTION!$E:$E,TRANSACTION!$C:$C,Table1[[#This Row],[DESCRIPTION2]]) -> 1 | I3: =Table1[[#This Row],[OPENING]]+Table1[[#This Row],[RECEIPT]]-Table1[[#This Row],[ISSUANCE]] -> 0
A4: =IF(Table1[[#This Row],[DESCRIPTION2]]="","",A3+1) -> 3 | B4: DAKTARIN GEL | C4: MICONAZOLE | D4: GEL | E4: BOX | F4: 4 | G4: =SUMIFS(TRANSACTION!D:D,TRANSACTION!C:C,Table1[[#This Row],[DESCRIPTION2]]) -> 0 | H4: =SUMIFS(TRANSACTION!$E:$E,TRANSACTION!$C:$C,Table1[[#This Row],[DESCRIPTION2]]) -> 4 | I4: =Table1[[#This Row],[OPENING]]+Table1[[#This Row],[RECEIPT]]-Table1[[#This Row],[ISSUANCE]] -> 0
A5: =IF(Table1[[#This Row],[DESCRIPTION2]]="","",A4+1) -> 4 | B5: DEXA-N | C5: DEXAMETHASONE + NEOMYCIN | D5: CREAM | E5: BOX | F5: 5 | G5: =SUMIFS(TRANSACTION!D:D,TRANSACTION!C:C,Table1[[#This Row],[DESCRIPTION2]]) -> 24 | H5: =SUMIFS(TRANSACTION!$E:$E,TRANSACTION!$C:$C,Table1[[#This Row],[DESCRIPTION2]]) -> 15 | I5: =Table1[[#This Row],[OPENING]]+Table1[[#This Row],[RECEIPT]]-Table1[[#This Row],[ISSUANCE]] -> 14
A6: =IF(Table1[[#This Row],[DESCRIPTION2]]="","",A5+1) -> 5 | B6: FUDINAG | C6: FUSIDIC ACID | D6: CREAM | E6: BOX | F6: 17 | G6: =SUMIFS(TRANSACTION!D:D,TRANSACTION!C:C,Table1[[#This Row],[DESCRIPTION2]]) -> 0 | H6: =SUMIFS(TRANSACTION!$E:$E,TRANSACTION!$C:$C,Table1[[#This Row],[DESCRIPTION2]]) -> 17 | I6: =Table1[[#This Row],[OPENING]]+Table1[[#This Row],[RECEIPT]]-Table1[[#This Row],[ISSUANCE]] -> 0
A7: =IF(Table1[[#This Row],[DESCRIPTION2]]="","",A6+1) -> 6 | B7: FUSIDIC-H | C7: FUSIDIC ACID + BETHAMETHASONE VALERATE | D7: CREAM | E7: BOX | F7: 0 | G7: =SUMIFS(TRANSACTION!D:D,TRANSACTION!C:C,Table1[[#This Row],[DESCRIPTION2]]) -> 0 | H7: =SUMIFS(TRANSACTION!$E:$E,TRANSACTION!$C:$C,Table1[[#This Row],[DESCRIPTION2]]) -> 0 | I7: =Table1[[#This Row],[OPENING]]+Table1[[#This Row],[RECEIPT]]-Table1[[#This Row],[ISSUANCE]] -> 0
A8: =IF(Table1[[#This Row],[DESCRIPTION2]]="","",A7+1) -> 7 | B8: GENTICYN | C8: GENTAMICIN | D8: CREAM | E8: BOX | F8: 2 | G8: =SUMIFS(TRANSACTION!D:D,TRANSACTION!C:C,Table1[[#This Row],[DESCRIPTION2]]) -> 60 | H8: =SUMIFS(TRANSACTION!$E:$E,TRANSACTION!$C:$C,Table1[[#This Row],[DESCRIPTION2]]) -> 18 | I8: =Table1[[#This Row],[OPENING]]+Table1[[#This Row],[RECEIPT]]-Table1[[#This Row],[ISSUANCE]] -> 44
A9: =IF(Table1[[#This Row],[DESCRIPTION2]]="","",A8+1) -> 8 | B9: KANADEX-N | C9: DEXAMETHASONE + NEOMYCIN | D9: CREAM | E9: BOX | F9: 12 | G9: =SUMIFS(TRANSACTION!D:D,TRANSACTION!C:C,Table1[[#This Row],[DESCRIPTION2]]) -> 0 | H9: =SUMIFS(TRANSACTION!$E:$E,TRANSACTION!$C:$C,Table1[[#This Row],[DESCRIPTION2]]) -> 12 | I9: =Table1[[#This Row],[OPENING]]+Table1[[#This Row],[RECEIPT]]-Table1[[#This Row],[ISSUANCE]] -> 0
A10: =IF(Table1[[#This Row],[DESCRIPTION2]]="","",A9+1) -> 9 | B10: MIDROZOLE ORAL GEL | C10: MICONAZOLE | D10: CREAM | E10: BOX | F10: 34 | G10: =SUMIFS(TRANSACTION!D:D,TRANSACTION!C:C,Table1[[#This Row],[DESCRIPTION2]]) -> 60 | H10: =SUMIFS(TRANSACTION!$E:$E,TRANSACTION!$C:$C,Table1[[#This Row],[DESCRIPTION2]]) -> 51 | I10: =Table1[[#This Row],[OPENING]]+Table1[[#This Row],[RECEIPT]]-Table1[[#This Row],[ISSUANCE]] -> 43
A11: =IF(Table1[[#This Row],[DESCRIPTION2]]="","",A10+1) -> 10 | B11: MAFDIC | C11: FUSIDIC ACID | D11: CREAM | E11: BOX | F11: 12 | G11: =SUMIFS(TRANSACTION!D:D,TRANSACTION!C:C,Table1[[#This Row],[DESCRIPTION2]]) -> 0 | H11: =SUMIFS(TRANSACTION!$E:$E,TRANSACTION!$C:$C,Table1[[#This Row],[DESCRIPTION2]]) -> 12 | I11: =Table1[[#This Row],[OPENING]]+Table1[[#This Row],[RECEIPT]]-Table1[[#This Row],[ISSUANCE]] -> 0
A12: =IF(Table1[[#This Row],[DESCRIPTION2]]="","",A11+1) -> 11 | B12: MAFTRIM | C12: CLOTRIMAZOLE | D12: CREAM | E12: BOX | F12: 1 | G12: =SUMIFS(TRANSACTION!D:D,TRANSACTION!C:C,Table1[[#This Row],[DESCRIPTION2]]) -> 0 | H12: =SUMIFS(TRANSACTION!$E:$E,TRANSACTION!$C:$C,Table1[[#This Row],[DESCRIPTION2]]) -> 1 | I12: =Table1[[#This Row],[OPENING]]+Table1[[#This Row],[RECEIPT]]-Table1[[#This Row],[ISSUANCE]] -> 0
A13: =IF(Table1[[#This Row],[DESCRIPTION2]]="","",A12+1) -> 12 | B13: NOVESTEN | C13: CLOTRIMAZOLE | D13: CREAM | E13: BOX | F13: 1 | G13: =SUMIFS(TRANSACTION!D:D,TRANSACTION!C:C,Table1[[#This Row],[DESCRIPTION2]]) -> 0 | H13: =SUMIFS(TRANSACTION!$E:$E,TRANSACTION!$C:$C,Table1[[#This Row],[DESCRIPTION2]]) -> 1 | I13: =Table1[[#This Row],[OPENING]]+Table1[[#This Row],[RECEIPT]]-Table1[[#This Row],[ISSUANCE]] -> 0
A14: =IF(Table1[[#This Row],[DESCRIPTION2]]="","",A13+1) -> 13 | B14: POLYFAX | C14: POLYFAX | D14: CREAM | E14: BOX | F14: 9 | G14: =SUMIFS(TRANSACTION!D:D,TRANSACTION!C:C,Table1[[#This Row],[DESCRIPTION2]]) -> 0 | H14: =SUMIFS(TRANSACTION!$E:$E,TRANSACTION!$C:$C,Table1[[#This Row],[DESCRIPTION2]]) -> 4 | I14: =Table1[[#This Row],[OPENING]]+Table1[[#This Row],[RECEIPT]]-Table1[[#This Row],[ISSUANCE]] -> 5
... A30: =IF(Table1[[#This Row],[DESCRIPTION2]]="","",A29+1) -> 29 | B30: OREXIM | C30: CEFIXIME | D30: SYRUP | E30: BOX | F30: 15 | G30: =SUMIFS(TRANSACTION!D:D,TRANSACTION!C:C,Table1[[#This Row],[DESCRIPTION2]]) -> 2 | H30: =SUMIFS(TRANSACTION!$E:$E,TRANSACTION!$C:$C,Table1[[#This Row],[DESCRIPTION2]]) -> 17 | I30: =Table1[[#This Row],[OPENING]]+Table1[[#This Row],[RECEIPT]]-Table1[[#This Row],[ISSUANCE]] -> 0
A31: =IF(Table1[[#This Row],[DESCRIPTION2]]="","",A30+1) -> 30 | B31: OREXIM DS | C31: CEFIXIME | D31: SYRUP | E31: BOX | F31: 34 | G31: =SUMIFS(TRANSACTION!D:D,TRANSACTION!C:C,Table1[[#This Row],[DESCRIPTION2]]) -> 1 | H31: =SUMIFS(TRANSACTION!$E:$E,TRANSACTION!$C:$C,Table1[[#This Row],[DESCRIPTION2]]) -> 35 | I31: =Table1[[#This Row],[OPENING]]+Table1[[#This Row],[RECEIPT]]-Table1[[#This Row],[ISSUANCE]] -> 0 | K31: EXP: 04/26
A32: =IF(Table1[[#This Row],[DESCRIPTION2]]="","",A31+1) -> 31 | B32: PARACETAMOL SYRUP | C32: PARACETAMOL | D32: SYRUP | E32: BOX | F32: 450 | G32: =SUMIFS(TRANSACTION!D:D,TRANSACTION!C:C,Table1[[#This Row],[DESCRIPTION2]]) -> 0 | H32: =SUMIFS(TRANSACTION!$E:$E,TRANSACTION!$C:$C,Table1[[#This Row],[DESCRIPTION2]]) -> 450 | I32: =Table1[[#This Row],[OPENING]]+Table1[[#This Row],[RECEIPT]]-Table1[[#This Row],[ISSUANCE]] -> 0
A33: =IF(Table1[[#This Row],[DESCRIPTION2]]="","",A32+1) -> 32 | B33: TUSIN | C33: IVY LEAF EXTRACT | D33: SYRUP | E33: BOX | F33: 40 | G33: =SUMIFS(TRANSACTION!D:D,TRANSACTION!C:C,Table1[[#This Row],[DESCRIPTION2]]) -> 0 | H33: =SUMIFS(TRANSACTION!$E:$E,TRANSACTION!$C:$C,Table1[[#This Row],[DESCRIPTION2]]) -> 40 | I33: =Table1[[#This Row],[OPENING]]+Table1[[#This Row],[RECEIPT]]-Table1[[#This Row],[ISSUANCE]] -> 0
A34: =IF(Table1[[#This Row],[DESCRIPTION2]]="","",A33+1) -> 33 | B34: VELOSEF 125mg | C34: CEPHRADINE | D34: SYRUP | E34: BOX | F34: 5 | G34: =SUMIFS(TRANSACTION!D:D,TRANSACTION!C:C,Table1[[#This Row],[DESCRIPTION2]]) -> 0 | H34: =SUMIFS(TRANSACTION!$E:$E,TRANSACTION!$C:$C,Table1[[#This Row],[DESCRIPTION2]]) -> 5 | I34: =Table1[[#This Row],[OPENING]]+Table1[[#This Row],[RECEIPT]]-Table1[[#This Row],[ISSUANCE]] -> 0
A35: =IF(Table1[[#This Row],[DESCRIPTION2]]="","",A34+1) -> 34 | B35: VELOSEF 250mg | C35: CEPHRADINE | D35: SYRUP | E35: BOX | F35: 1 | G35: =SUMIFS(TRANSACTION!D:D,TRANSACTION!C:C,Table1[[#This Row],[DESCRIPTION2]]) -> 0 | H35: =SUMIFS(TRANSACTION!$E:$E,TRANSACTION!$C:$C,Table1[[#This Row],[DESCRIPTION2]]) -> 1 | I35: =Table1[[#This Row],[OPENING]]+Table1[[#This Row],[RECEIPT]]-Table1[[#This Row],[ISSUANCE]] -> 0
A36: =IF(Table1[[#This Row],[DESCRIPTION2]]="","",A35+1) -> 35 | B36: ZINKROL | C36: ZINC SULPHATE MONOHYDRATE | D36: SYRUP | E36: BOX | F36: 320 | G36: =SUMIFS(TRANSACTION!D:D,TRANSACTION!C:C,Table1[[#This Row],[DESCRIPTION2]]) -> 0 | H36: =SUMIFS(TRANSACTION!$E:$E,TRANSACTION!$C:$C,Table1[[#This Row],[DESCRIPTION2]]) -> 195 | I36: =Table1[[#This Row],[OPENING]]+Table1[[#This Row],[RECEIPT]]-Table1[[#This Row],[ISSUANCE]] -> 125
A37: =IF(Table1[[#This Row],[DESCRIPTION2]]="","",A36+1) -> 36 | B37: PROMETHAZINE | C37: PROMETHAZINE HYDROCHLORIDE | D37: SYRUP | E37: BOX | F37: 22 | G37: =SUMIFS(TRANSACTION!D:D,TRANSACTION!C:C,Table1[[#This Row],[DESCRIPTION2]]) -> 0 | H37: =SUMIFS(TRANSACTION!$E:$E,TRANSACTION!$C:$C,Table1[[#This Row],[DESCRIPTION2]]) -> 22 | I37: =Table1[[#This Row],[OPENING]]+Table1[[#This Row],[RECEIPT]]-Table1[[#This Row],[ISSUANCE]] -> 0 | K37: EXP: 03/26
A38: =IF(Table1[[#This Row],[DESCRIPTION2]]="","",A37+1) -> 37 | B38: COLIC | C38: CARMINATIVE MIXTURE | D38: SYRUP | E38: BOX | F38: 9 | G38: =SUMIFS(TRANSACTION!D:D,TRANSACTION!C:C,Table1[[#This Row],[DESCRIPTION2]]) -> 0 | H38: =SUMIFS(TRANSACTION!$E:$E,TRANSACTION!$C:$C,Table1[[#This Row],[DESCRIPTION2]]) -> 9 | I38: =Table1[[#This Row],[OPENING]]+Table1[[#This Row],[RECEIPT]]-Table1[[#This Row],[ISSUANCE]] -> 0
A39: =IF(Table1[[#This Row],[DESCRIPTION2]]="","",A38+1) -> 38 | B39: SAMODRYL | C39: AMMONIUM CHLORIDE | D39: SYRUP | E39: BOX | F39: 20 | G39: =SUMIFS(TRANSACTION!D:D,TRANSACTION!C:C,Table1[[#This Row],[DESCRIPTION2]]) -> 80 | H39: =SUMIFS(TRANSACTION!$E:$E,TRANSACTION!$C:$C,Table1[[#This Row],[DESCRIPTION2]]) -> 79 | I39: =Table1[[#This Row],[OPENING]]+Table1[[#This Row],[RECEIPT]]-Table1[[#This Row],[ISSUANCE]] -> 21
A40: =IF(Table1[[#This Row],[DESCRIPTION2]]="","",A39+1) -> 39 | B40: BINIPLEX | C40: B-COMPLEX | D40: SYRUP | E40: BOX | F40: 40 | G40: =SUMIFS(TRANSACTION!D:D,TRANSACTION!C:C,Table1[[#This Row],[DESCRIPTION2]]) -> 0 | H40: =SUMIFS(TRANSACTION!$E:$E,TRANSACTION!$C:$C,Table1[[#This Row],[DESCRIPTION2]]) -> 40 | I40: =Table1[[#This Row],[OPENING]]+Table1[[#This Row],[RECEIPT]]-Table1[[#This Row],[ISSUANCE]] -> 0
A41: =IF(Table1[[#This Row],[DESCRIPTION2]]="","",A40+1) -> 40 | B41: REGOPLEX | C41: B-COMPLEX | D41: SYRUP | E41: BOX | F41: 25 | G41: =SUMIFS(TRANSACTION!D:D,TRANSACTION!C:C,Table1[[#This Row],[DESCRIPTION2]]) -> 0 | H41: =SUMIFS(TRANSACTION!$E:$E,TRANSACTION!$C:$C,Table1[[#This Row],[DESCRIPTION2]]) -> 25 | I41: =Table1[[#This Row],[OPENING]]+Table1[[#This Row],[RECEIPT]]-Table1[[#This Row],[ISSUANCE]] -> 0 | K41: EXP: 08/26
A42: =IF(Table1[[#This Row],[DESCRIPTION2]]="","",A41+1) -> 41 | B42: CHLORAMINE | C42: CHLORPHENIRAMINE MALEATE | D42: SYRUP | E42: BOX | F42: 22 | G42: =SUMIFS(TRANSACTION!D:D,TRANSACTION!C:C,Table1[[#This Row],[DESCRIPTION2]]) -> 50 | H42: =SUMIFS(TRANSACTION!$E:$E,TRANSACTION!$C:$C,Table1[[#This Row],[DESCRIPTION2]]) -> 40 | I42: =Table1[[#This Row],[OPENING]]+Table1[[#This Row],[RECEIPT]]-Table1[[#This Row],[ISSUANCE]] -> 32
A43: =IF(Table1[[#This Row],[DESCRIPTION2]]="","",A42+1) -> 42 | B43: SEMOSIL | C43: Al HYDROXIDE, Mg HYDROXIDE + SIMETHICONE | D43: SYRUP | E43: BOX | F43: 4 | G43: =SUMIFS(TRANSACTION!D:D,TRANSACTION!C:C,Table1[[#This Row],[DESCRIPTION2]]) -> 74 | H43: =SUMIFS(TRANSACTION!$E:$E,TRANSACTION!$C:$C,Table1[[#This Row],[DESCRIPTION2]]) -> 35 | I43: =Table1[[#This Row],[OPENING]]+Table1[[#This Row],[RECEIPT]]-Table1[[#This Row],[ISSUANCE]] -> 43
A44: =IF(Table1[[#This Row],[DESCRIPTION2]]="","",A43+1) -> 43 | B44: URAL | C44: SODIUM ACID CITRATE | D44: SYRUP | E44: BOX | F44: 29 | G44: =SUMIFS(TRANSACTION!D:D,TRANSACTION!C:C,Table1[[#This Row],[DESCRIPTION2]]) -> 0 | H44: =SUMIFS(TRANSACTION!$E:$E,TRANSACTION!$C:$C,Table1[[#This Row],[DESCRIPTION2]]) -> 26 | I44: =Table1[[#This Row],[OPENING]]+Table1[[#This Row],[RECEIPT]]-Table1[[#This Row],[ISSUANCE]] -> 3 | K44: EXP: 08/26
A45: =IF(Table1[[#This Row],[DESCRIPTION2]]="","",A44+1) -> 44 | B45: NOVOGEL | C45: ALUMINIA MAGNESIC SUSPENSION | D45: SYRUP | E45: BOX | F45: 0 | G45: =SUMIFS(TRANSACTION!D:D,TRANSACTION!C:C,Table1[[#This Row],[DESCRIPTION2]]) -> 0 | H45: =SUMIFS(TRANSACTION!$E:$E,TRANSACTION!$C:$C,Table1[[#This Row],[DESCRIPTION2]]) -> 0 | I45: =Table1[[#This Row],[OPENING]]+Table1[[#This Row],[RECEIPT]]-Table1[[#This Row],[ISSUANCE]] -> 0
A46: =IF(Table1[[#This Row],[DESCRIPTION2]]="","",A45+1) -> 45 | B46: METROZYL | C46: ALUMINIA MAGNESIC SUSPENSION | D46: SYRUP | E46: BOX | F46: 0 | G46: =SUMIFS(TRANSACTION!D:D,TRANSACTION!C:C,Table1[[#This Row],[DESCRIPTION2]]) -> 0 | H46: =SUMIFS(TRANSACTION!$E:$E,TRANSACTION!$C:$C,Table1[[#This Row],[DESCRIPTION2]]) -> 0 | I46: =Table1[[#This Row],[OPENING]]+Table1[[#This Row],[RECEIPT]]-Table1[[#This Row],[ISSUANCE]] -> 0
A47: =IF(Table1[[#This Row],[DESCRIPTION2]]="","",A46+1) -> 46 | B47: MYO-INOSITOL | C47: D-CHIRO-INISITOL + FOLIC ACID | D47: SACHET | E47: BOX | F47: 9 | G47: =SUMIFS(TRANSACTION!D:D,TRANSACTION!C:C,Table1[[#This Row],[DESCRIPTION2]]) -> 0 | H47: =SUMIFS(TRANSACTION!$E:$E,TRANSACTION!$C:$C,Table1[[#This Row],[DESCRIPTION2]]) -> 9 | I47: =Table1[[#This Row],[OPENING]]+Table1[[#This Row],[RECEIPT]]-Table1[[#This Row],[ISSUANCE]] -> 0
A48: =IF(Table1[[#This Row],[DESCRIPTION2]]="","",A47+1) -> 47 | B48: CAL CEE | C48: CALCIUM 1000 | D48: SACHET | E48: BOX | F48: 10 | G48: =SUMIFS(TRANSACTION!D:D,TRANSACTION!C:C,Table1[[#This Row],[DESCRIPTION2]]) -> 238 | H48: =SUMIFS(TRANSACTION!$E:$E,TRANSACTION!$C:$C,Table1[[#This Row],[DESCRIPTION2]]) -> 222 | I48: =Table1[[#This Row],[OPENING]]+Table1[[#This Row],[RECEIPT]]-Table1[[#This Row],[ISSUANCE]] -> 26
A49: =IF(Table1[[#This Row],[DESCRIPTION2]]="","",A48+1) -> 48 | B49: CRANMAC | C49: CRANBERRY | D49: SACHET | E49: BOX | F49: 5 | G49: =SUMIFS(TRANSACTION!D:D,TRANSACTION!C:C,Table1[[#This Row],[DESCRIPTION2]]) -> 6 | H49: =SUMIFS(TRANSACTION!$E:$E,TRANSACTION!$C:$C,Table1[[#This Row],[DESCRIPTION2]]) -> 11 | I49: =Table1[[#This Row],[OPENING]]+Table1[[#This Row],[RECEIPT]]-Table1[[#This Row],[ISSUANCE]] -> 0
A50: =IF(Table1[[#This Row],[DESCRIPTION2]]="","",A49+1) -> 49 | B50: ZETALUKAST | C50: MONTELUKAST | D50: SACHET | E50: BOX | F50: 8 | G50: =SUMIFS(TRANSACTION!D:D,TRANSACTION!C:C,Table1[[#This Row],[DESCRIPTION2]]) -> 70 | H50: =SUMIFS(TRANSACTION!$E:$E,TRANSACTION!$C:$C,Table1[[#This Row],[DESCRIPTION2]]) -> 41 | I50: =Table1[[#This Row],[OPENING]]+Table1[[#This Row],[RECEIPT]]-Table1[[#This Row],[ISSUANCE]] -> 37
A51: =IF(Table1[[#This Row],[DESCRIPTION2]]="","",A50+1) -> 50 | B51: ORS | C51: LOW OSMOLAR ORS | D51: SACHET | E51: BOX | F51: 48 | G51: =SUMIFS(TRANSACTION!D:D,TRANSACTION!C:C,Table1[[#This Row],[DESCRIPTION2]]) -> 0 | H51: =SUMIFS(TRANSACTION!$E:$E,TRANSACTION!$C:$C,Table1[[#This Row],[DESCRIPTION2]]) -> 40 | I51: =Table1[[#This Row],[OPENING]]+Table1[[#This Row],[RECEIPT]]-Table1[[#This Row],[ISSUANCE]] -> 8 | K51: EXP: 10/26
A52: =IF(Table1[[#This Row],[DESCRIPTION2]]="","",A51+1) -> 51 | B52: EFZOCAL-C | C52: CALCIUM + VIT C | D52: SACHET | E52: BOX | F52: 1 | G52: =SUMIFS(TRANSACTION!D:D,TRANSACTION!C:C,Table1[[#This Row],[DESCRIPTION2]]) -> 0 | H52: =SUMIFS(TRANSACTION!$E:$E,TRANSACTION!$C:$C,Table1[[#This Row],[DESCRIPTION2]]) -> 1 | I52: =Table1[[#This Row],[OPENING]]+Table1[[#This Row],[RECEIPT]]-Table1[[#This Row],[ISSUANCE]] -> 0
A53: =IF(Table1[[#This Row],[DESCRIPTION2]]="","",A52+1) -> 52 | B53: BLINK FRESH | C53: POLYVINYL ALCOLOHOL + POVIDONE | D53: EYE DROP | E53: BOX | F53: 17 | G53: =SUMIFS(TRANSACTION!D:D,TRANSACTION!C:C,Table1[[#This Row],[DESCRIPTION2]]) -> 10 | H53: =SUMIFS(TRANSACTION!$E:$E,TRANSACTION!$C:$C,Table1[[#This Row],[DESCRIPTION2]]) -> 17 | I53: =Table1[[#This Row],[OPENING]]+Table1[[#This Row],[RECEIPT]]-Table1[[#This Row],[ISSUANCE]] -> 10
A54: =IF(Table1[[#This Row],[DESCRIPTION2]]="","",A53+1) -> 53 | B54: BFL | C54: FLOUROMETHOLONE | D54: EYE DROP | E54: BOX | F54: 6 | G54: =SUMIFS(TRANSACTION!D:D,TRANSACTION!C:C,Table1[[#This Row],[DESCRIPTION2]]) -> 22 | H54: =SUMIFS(TRANSACTION!$E:$E,TRANSACTION!$C:$C,Table1[[#This Row],[DESCRIPTION2]]) -> 8 | I54: =Table1[[#This Row],[OPENING]]+Table1[[#This Row],[RECEIPT]]-Table1[[#This Row],[ISSUANCE]] -> 20
A55: =IF(Table1[[#This Row],[DESCRIPTION2]]="","",A54+1) -> 54 | B55: OPTITEK 0.3% | C55: TOBRAMYCIN | D55: EYE DROP | E55: BOX | F55: 10 | G55: =SUMIFS(TRANSACTION!D:D,TRANSACTION!C:C,Table1[[#This Row],[DESCRIPTION2]]) -> 0 | H55: =SUMIFS(TRANSACTION!$E:$E,TRANSACTION!$C:$C,Table1[[#This Row],[DESCRIPTION2]]) -> 10 | I55: =Table1[[#This Row],[OPENING]]+Table1[[#This Row],[RECEIPT]]-Table1[[#This Row],[ISSUANCE]] -> 0
A56: =IF(Table1[[#This Row],[DESCRIPTION2]]="","",A55+1) -> 55 | B56: NAFEN | C56: NEPAFENAC | D56: EYE DROP | E56: BOX | F56: 10 | G56: =SUMIFS(TRANSACTION!D:D,TRANSACTION!C:C,Table1[[#This Row],[DESCRIPTION2]]) -> 0 | H56: =SUMIFS(TRANSACTION!$E:$E,TRANSACTION!$C:$C,Table1[[#This Row],[DESCRIPTION2]]) -> 10 | I56: =Table1[[#This Row],[OPENING]]+Table1[[#This Row],[RECEIPT]]-Table1[[#This Row],[ISSUANCE]] -> 0
A57: =IF(Table1[[#This Row],[DESCRIPTION2]]="","",A56+1) -> 56 | B57: ASCORBIC ACID | C57: ASCORBIC ACID | D57: TABLET | E57: BOX | F57: 4 | G57: =SUMIFS(TRANSACTION!D:D,TRANSACTION!C:C,Table1[[#This Row],[DESCRIPTION2]]) -> 0 | H57: =SUMIFS(TRANSACTION!$E:$E,TRANSACTION!$C:$C,Table1[[#This Row],[DESCRIPTION2]]) -> 2 | I57: =Table1[[#This Row],[OPENING]]+Table1[[#This Row],[RECEIPT]]-Table1[[#This Row],[ISSUANCE]] -> 2 | K57: EXP: 08/26
A58: =IF(Table1[[#This Row],[DESCRIPTION2]]="","",A57+1) -> 57 | B58: BECOPAN | C58: B COMPLEX | D58: TABLET | E58: BOX | F58: 25 | G58: =SUMIFS(TRANSACTION!D:D,TRANSACTION!C:C,Table1[[#This Row],[DESCRIPTION2]]) -> 0 | H58: =SUMIFS(TRANSACTION!$E:$E,TRANSACTION!$C:$C,Table1[[#This Row],[DESCRIPTION2]]) -> 21 | I58: =Table1[[#This Row],[OPENING]]+Table1[[#This Row],[RECEIPT]]-Table1[[#This Row],[ISSUANCE]] -> 4 | K58: EXP: 12/26
A59: =IF(Table1[[#This Row],[DESCRIPTION2]]="","",A58+1) -> 58 | B59: CALCIUM LACTATE | C59: CALCIUM LACTATE | D59: TABLET | E59: BOX | F59: 5 | G59: =SUMIFS(TRANSACTION!D:D,TRANSACTION!C:C,Table1[[#This Row],[DESCRIPTION2]]) -> 0 | H59: =SUMIFS(TRANSACTION!$E:$E,TRANSACTION!$C:$C,Table1[[#This Row],[DESCRIPTION2]]) -> 5 | I59: =Table1[[#This Row],[OPENING]]+Table1[[#This Row],[RECEIPT]]-Table1[[#This Row],[ISSUANCE]] -> 0
A60: =IF(Table1[[#This Row],[DESCRIPTION2]]="","",A59+1) -> 59 | B60: CHLORAMINE TAB | C60: CHLORPHENIRAMINE | D60: TABLET | E60: BOX | F60: 14 | G60: =SUMIFS(TRANSACTION!D:D,TRANSACTION!C:C,Table1[[#This Row],[DESCRIPTION2]]) -> 0 | H60: =SUMIFS(TRANSACTION!$E:$E,TRANSACTION!$C:$C,Table1[[#This Row],[DESCRIPTION2]]) -> 9 | I60: =Table1[[#This Row],[OPENING]]+Table1[[#This Row],[RECEIPT]]-Table1[[#This Row],[ISSUANCE]] -> 5 | K60: EXP: 08/26
A61: =IF(Table1[[#This Row],[DESCRIPTION2]]="","",A60+1) -> 60 | B61: FOLIC ACID 1000 | C61: FOLIC ACID | D61: TABLET | E61: BOX | F61: 4 | G61: =SUMIFS(TRANSACTION!D:D,TRANSACTION!C:C,Table1[[#This Row],[DESCRIPTION2]]) -> 0 | H61: =SUMIFS(TRANSACTION!$E:$E,TRANSACTION!$C:$C,Table1[[#This Row],[DESCRIPTION2]]) -> 4 | I61: =Table1[[#This Row],[OPENING]]+Table1[[#This Row],[RECEIPT]]-Table1[[#This Row],[ISSUANCE]] -> 0
A62: =IF(Table1[[#This Row],[DESCRIPTION2]]="","",A61+1) -> 61 | B62: IBRUFEN | C62: IBUPROFEN | D62: TABLET | E62: BOX | F62: 6 | G62: =SUMIFS(TRANSACTION!D:D,TRANSACTION!C:C,Table1[[#This Row],[DESCRIPTION2]]) -> 0 | H62: =SUMIFS(TRANSACTION!$E:$E,TRANSACTION!$C:$C,Table1[[#This Row],[DESCRIPTION2]]) -> 3 | I62: =Table1[[#This Row],[OPENING]]+Table1[[#This Row],[RECEIPT]]-Table1[[#This Row],[ISSUANCE]] -> 3 | K62: EXP: 05/27 | L62: 46081
A63: =IF(Table1[[#This Row],[DESCRIPTION2]]="","",A62+1) -> 62 | B63: MEFANAMIC ACID | C63: MEFANAMIC ACID | D63: TABLET | E63: BOX | F63: 11 | G63: =SUMIFS(TRANSACTION!D:D,TRANSACTION!C:C,Table1[[#This Row],[DESCRIPTION2]]) -> 0 | H63: =SUMIFS(TRANSACTION!$E:$E,TRANSACTION!$C:$C,Table1[[#This Row],[DESCRIPTION2]]) -> 9 | I63: =Table1[[#This Row],[OPENING]]+Table1[[#This Row],[RECEIPT]]-Table1[[#This Row],[ISSUANCE]] -> 2 | K63: EXP: 08/27 | L63: 46170
A64: =IF(Table1[[#This Row],[DESCRIPTION2]]="","",A63+1) -> 63 | B64: PARACETAMOL | C64: PARACEMATOL | D64: TABLET | E64: BOX | F64: 9 | G64: =SUMIFS(TRANSACTION!D:D,TRANSACTION!C:C,Table1[[#This Row],[DESCRIPTION2]]) -> 0 | H64: =SUMIFS(TRANSACTION!$E:$E,TRANSACTION!$C:$C,Table1[[#This Row],[DESCRIPTION2]]) -> 8 | I64: =Table1[[#This Row],[OPENING]]+Table1[[#This Row],[RECEIPT]]-Table1[[#This Row],[ISSUANCE]] -> 1 | K64: EXP: 10/27
A65: =IF(Table1[[#This Row],[DESCRIPTION2]]="","",A64+1) -> 64 | B65: REGOVIT C | C65: VITAMIN C | D65: TABLET | E65: BOX | F65: 4 | G65: =SUMIFS(TRANSACTION!D:D,TRANSACTION!C:C,Table1[[#This Row],[DESCRIPTION2]]) -> 0 | H65: =SUMIFS(TRANSACTION!$E:$E,TRANSACTION!$C:$C,Table1[[#This Row],[DESCRIPTION2]]) -> 4 | I65: =Table1[[#This Row],[OPENING]]+Table1[[#This Row],[RECEIPT]]-Table1[[#This Row],[ISSUANCE]] -> 0
A66: =IF(Table1[[#This Row],[DESCRIPTION2]]="","",A65+1) -> 65 | B66: RECADRON | C66: DEXAMETHASONE | D66: TABLET | E66: BOX | F66: 13 | G66: =SUMIFS(TRANSACTION!D:D,TRANSACTION!C:C,Table1[[#This Row],[DESCRIPTION2]]) -> 0 | H66: =SUMIFS(TRANSACTION!$E:$E,TRANSACTION!$C:$C,Table1[[#This Row],[DESCRIPTION2]]) -> 10 | I66: =Table1[[#This Row],[OPENING]]+Table1[[#This Row],[RECEIPT]]-Table1[[#This Row],[ISSUANCE]] -> 3 | K66: EXP: 11/27
A67: =IF(Table1[[#This Row],[DESCRIPTION2]]="","",A66+1) -> 66 | B67: SODA MINT | C67: SODIUM BICARBONATE | D67: TABLET | E67: BOX | F67: 8 | G67: =SUMIFS(TRANSACTION!D:D,TRANSACTION!C:C,Table1[[#This Row],[DESCRIPTION2]]) -> 0 | H67: =SUMIFS(TRANSACTION!$E:$E,TRANSACTION!$C:$C,Table1[[#This Row],[DESCRIPTION2]]) -> 5 | I67: =Table1[[#This Row],[OPENING]]+Table1[[#This Row],[RECEIPT]]-Table1[[#This Row],[ISSUANCE]] -> 3 | K67: EXP: 09/27
A68: =IF(Table1[[#This Row],[DESCRIPTION2]]="","",A67+1) -> 67 | B68: UNEXOLONE | C68: METOCLOPRAMIDE | D68: TABLET | E68: BOX | F68: 2 | G68: =SUMIFS(TRANSACTION!D:D,TRANSACTION!C:C,Table1[[#This Row],[DESCRIPTION2]]) -> 0 | H68: =SUMIFS(TRANSACTION!$E:$E,TRANSACTION!$C:$C,Table1[[#This Row],[DESCRIPTION2]]) -> 2 | I68: =Table1[[#This Row],[OPENING]]+Table1[[#This Row],[RECEIPT]]-Table1[[#This Row],[ISSUANCE]] -> 0
A69: =IF(Table1[[#This Row],[DESCRIPTION2]]="","",A68+1) -> 68 | B69: ANSAID | C69: FLURBIPROFEN | D69: TABLET | E69: BOX | F69: 10 | G69: =SUMIFS(TRANSACTION!D:D,TRANSACTION!C:C,Table1[[#This Row],[DESCRIPTION2]]) -> 0 | H69: =SUMIFS(TRANSACTION!$E:$E,TRANSACTION!$C:$C,Table1[[#This Row],[DESCRIPTION2]]) -> 10 | I69: =Table1[[#This Row],[OPENING]]+Table1[[#This Row],[RECEIPT]]-Table1[[#This Row],[ISSUANCE]] -> 0
A70: =IF(Table1[[#This Row],[DESCRIPTION2]]="","",A69+1) -> 69 | B70: AREX | C70: CETRIZINE HCl | D70: TABLET | E70: BOX | F70: 9 | G70: =SUMIFS(TRANSACTION!D:D,TRANSACTION!C:C,Table1[[#This Row],[DESCRIPTION2]]) -> 0 | H70: =SUMIFS(TRANSACTION!$E:$E,TRANSACTION!$C:$C,Table1[[#This Row],[DESCRIPTION2]]) -> 9 | I70: =Table1[[#This Row],[OPENING]]+Table1[[#This Row],[RECEIPT]]-Table1[[#This Row],[ISSUANCE]] -> 0
A71: =IF(Table1[[#This Row],[DESCRIPTION2]]="","",A70+1) -> 70 | B71: ASCARD | C71: ASPIRIN | D71: TABLET | E71: BOX | F71: 11 | G71: =SUMIFS(TRANSACTION!D:D,TRANSACTION!C:C,Table1[[#This Row],[DESCRIPTION2]]) -> 0 | H71: =SUMIFS(TRANSACTION!$E:$E,TRANSACTION!$C:$C,Table1[[#This Row],[DESCRIPTION2]]) -> 11 | I71: =Table1[[#This Row],[OPENING]]+Table1[[#This Row],[RECEIPT]]-Table1[[#This Row],[ISSUANCE]] -> 0
A72: =IF(Table1[[#This Row],[DESCRIPTION2]]="","",A71+1) -> 71 | B72: ATENOPHARM 50MG | C72: ATENOLOL | D72: TABLET | E72: BOX | F72: 20 | G72: =SUMIFS(TRANSACTION!D:D,TRANSACTION!C:C,Table1[[#This Row],[DESCRIPTION2]]) -> 64 | H72: =SUMIFS(TRANSACTION!$E:$E,TRANSACTION!$C:$C,Table1[[#This Row],[DESCRIPTION2]]) -> 19 | I72: =Table1[[#This Row],[OPENING]]+Table1[[#This Row],[RECEIPT]]-Table1[[#This Row],[ISSUANCE]] -> 65
A73: =IF(Table1[[#This Row],[DESCRIPTION2]]="","",A72+1) -> 72 | B73: ATENOPHARM 100MG | C73: ATENOLOL | D73: TABLET | E73: BOX | F73: 3 | G73: =SUMIFS(TRANSACTION!D:D,TRANSACTION!C:C,Table1[[#This Row],[DESCRIPTION2]]) -> 1 | H73: =SUMIFS(TRANSACTION!$E:$E,TRANSACTION!$C:$C,Table1[[#This Row],[DESCRIPTION2]]) -> 0 | I73: =Table1[[#This Row],[OPENING]]+Table1[[#This Row],[RECEIPT]]-Table1[[#This Row],[ISSUANCE]] -> 4
A74: =IF(Table1[[#This Row],[DESCRIPTION2]]="","",A73+1) -> 73 | B74: JENVAL 5MG | C74: AMLODIPINE + VALSARTAN | D74: TABLET | E74: BOX | F74: 41 | G74: =SUMIFS(TRANSACTION!D:D,TRANSACTION!C:C,Table1[[#This Row],[DESCRIPTION2]]) -> 0 | H74: =SUMIFS(TRANSACTION!$E:$E,TRANSACTION!$C:$C,Table1[[#This Row],[DESCRIPTION2]]) -> 41 | I74: =Table1[[#This Row],[OPENING]]+Table1[[#This Row],[RECEIPT]]-Table1[[#This Row],[ISSUANCE]] -> 0
A75: =IF(Table1[[#This Row],[DESCRIPTION2]]="","",A74+1) -> 74 | B75: JENVAL 10MG | C75: AMLODIPINE + VALSARTAN | D75: TABLET | E75: BOX | F75: 62 | G75: =SUMIFS(TRANSACTION!D:D,TRANSACTION!C:C,Table1[[#This Row],[DESCRIPTION2]]) -> 0 | H75: =SUMIFS(TRANSACTION!$E:$E,TRANSACTION!$C:$C,Table1[[#This Row],[DESCRIPTION2]]) -> 62 | I75: =Table1[[#This Row],[OPENING]]+Table1[[#This Row],[RECEIPT]]-Table1[[#This Row],[ISSUANCE]] -> 0
A76: =IF(Table1[[#This Row],[DESCRIPTION2]]="","",A75+1) -> 75 | B76: M-END | C76: ARTEMETHER/ LUMEFANTRINE | D76: TABLET | E76: BOX | F76: 40 | G76: =SUMIFS(TRANSACTION!D:D,TRANSACTION!C:C,Table1[[#This Row],[DESCRIPTION2]]) -> 0 | H76: =SUMIFS(TRANSACTION!$E:$E,TRANSACTION!$C:$C,Table1[[#This Row],[DESCRIPTION2]]) -> 40 | I76: =Table1[[#This Row],[OPENING]]+Table1[[#This Row],[RECEIPT]]-Table1[[#This Row],[ISSUANCE]] -> 0
A77: =IF(Table1[[#This Row],[DESCRIPTION2]]="","",A76+1) -> 76 | B77: ZENTEL | C77: ALBENDAZOLE | D77: TABLET | E77: BOX | F77: 48 | G77: =SUMIFS(TRANSACTION!D:D,TRANSACTION!C:C,Table1[[#This Row],[DESCRIPTION2]]) -> 150 | H77: =SUMIFS(TRANSACTION!$E:$E,TRANSACTION!$C:$C,Table1[[#This Row],[DESCRIPTION2]]) -> 111 | I77: =Table1[[#This Row],[OPENING]]+Table1[[#This Row],[RECEIPT]]-Table1[[#This Row],[ISSUANCE]] -> 87
A78: =IF(Table1[[#This Row],[DESCRIPTION2]]="","",A77+1) -> 77 | B78: POLYWORM | C78: ALBENDAZOLE | D78: TABLET | E78: BOX | F78: 3 | G78: =SUMIFS(TRANSACTION!D:D,TRANSACTION!C:C,Table1[[#This Row],[DESCRIPTION2]]) -> 0 | H78: =SUMIFS(TRANSACTION!$E:$E,TRANSACTION!$C:$C,Table1[[#This Row],[DESCRIPTION2]]) -> 3 | I78: =Table1[[#This Row],[OPENING]]+Table1[[#This Row],[RECEIPT]]-Table1[[#This Row],[ISSUANCE]] -> 0
A79: =IF(Table1[[#This Row],[DESCRIPTION2]]="","",A78+1) -> 78 | B79: REX | C79: CETRIZINE 2HCl | D79: TABLET | E79: BOX | F79: 16 | G79: =SUMIFS(TRANSACTION!D:D,TRANSACTION!C:C,Table1[[#This Row],[DESCRIPTION2]]) -> 0 | H79: =SUMIFS(TRANSACTION!$E:$E,TRANSACTION!$C:$C,Table1[[#This Row],[DESCRIPTION2]]) -> 16 | I79: =Table1[[#This Row],[OPENING]]+Table1[[#This Row],[RECEIPT]]-Table1[[#This Row],[ISSUANCE]] -> 0
... A109: =IF(Table1[[#This Row],[DESCRIPTION2]]="","",A108+1) -> 108 | B109: FOLIC ACID | C109: FOLIC ACID | D109: TABLET | E109: BOX | F109: 0 | G109: =SUMIFS(TRANSACTION!D:D,TRANSACTION!C:C,Table1[[#This Row],[DESCRIPTION2]]) -> 12 | H109: =SUMIFS(TRANSACTION!$E:$E,TRANSACTION!$C:$C,Table1[[#This Row],[DESCRIPTION2]]) -> 6 | I109: =Table1[[#This Row],[OPENING]]+Table1[[#This Row],[RECEIPT]]-Table1[[#This Row],[ISSUANCE]] -> 6
A110: =IF(Table1[[#This Row],[DESCRIPTION2]]="","",A109+1) -> 109 | B110: PALZIC | C110: MOXIFLOXACIN | D110: TABLET | E110: BOX | F110: 47 | G110: =SUMIFS(TRANSACTION!D:D,TRANSACTION!C:C,Table1[[#This Row],[DESCRIPTION2]]) -> 14 | H110: =SUMIFS(TRANSACTION!$E:$E,TRANSACTION!$C:$C,Table1[[#This Row],[DESCRIPTION2]]) -> 56 | I110: =Table1[[#This Row],[OPENING]]+Table1[[#This Row],[RECEIPT]]-Table1[[#This Row],[ISSUANCE]] -> 5 | K110: EXP: 04/26
A111: =IF(Table1[[#This Row],[DESCRIPTION2]]="","",A110+1) -> 110 | B111: MULTIVITAMIN | C111: MULTIVITAMINS + MINERALS | D111: TABLET | E111: BOX | F111: 13 | G111: =SUMIFS(TRANSACTION!D:D,TRANSACTION!C:C,Table1[[#This Row],[DESCRIPTION2]]) -> 0 | H111: =SUMIFS(TRANSACTION!$E:$E,TRANSACTION!$C:$C,Table1[[#This Row],[DESCRIPTION2]]) -> 13 | I111: =Table1[[#This Row],[OPENING]]+Table1[[#This Row],[RECEIPT]]-Table1[[#This Row],[ISSUANCE]] -> 0
A112: =IF(Table1[[#This Row],[DESCRIPTION2]]="","",A111+1) -> 111 | B112: MAFDAM | C112: DOMPERIDONE | D112: TABLET | E112: BOX | F112: 5 | G112: =SUMIFS(TRANSACTION!D:D,TRANSACTION!C:C,Table1[[#This Row],[DESCRIPTION2]]) -> 0 | H112: =SUMIFS(TRANSACTION!$E:$E,TRANSACTION!$C:$C,Table1[[#This Row],[DESCRIPTION2]]) -> 5 | I112: =Table1[[#This Row],[OPENING]]+Table1[[#This Row],[RECEIPT]]-Table1[[#This Row],[ISSUANCE]] -> 0
A113: =IF(Table1[[#This Row],[DESCRIPTION2]]="","",A112+1) -> 112 | B113: BISACODYL | C113: BISACODYL | D113: TABLET | E113: BOX | F113: 2 | G113: =SUMIFS(TRANSACTION!D:D,TRANSACTION!C:C,Table1[[#This Row],[DESCRIPTION2]]) -> 2 | H113: =SUMIFS(TRANSACTION!$E:$E,TRANSACTION!$C:$C,Table1[[#This Row],[DESCRIPTION2]]) -> 2 | I113: =Table1[[#This Row],[OPENING]]+Table1[[#This Row],[RECEIPT]]-Table1[[#This Row],[ISSUANCE]] -> 2
A114: =IF(Table1[[#This Row],[DESCRIPTION2]]="","",A113+1) -> 113 | B114: PRIMULOT-N | C114: NORETHISTERONE | D114: TABLET | E114: BOX | F114: 4 | G114: =SUMIFS(TRANSACTION!D:D,TRANSACTION!C:C,Table1[[#This Row],[DESCRIPTION2]]) -> 66 | H114: =SUMIFS(TRANSACTION!$E:$E,TRANSACTION!$C:$C,Table1[[#This Row],[DESCRIPTION2]]) -> 17 | I114: =Table1[[#This Row],[OPENING]]+Table1[[#This Row],[RECEIPT]]-Table1[[#This Row],[ISSUANCE]] -> 53
A115: =IF(Table1[[#This Row],[DESCRIPTION2]]="","",A114+1) -> 114 | B115: METGYL | C115: METRONIDAZOLE | D115: TABLET | E115: BOX | F115: 17 | G115: =SUMIFS(TRANSACTION!D:D,TRANSACTION!C:C,Table1[[#This Row],[DESCRIPTION2]]) -> 1 | H115: =SUMIFS(TRANSACTION!$E:$E,TRANSACTION!$C:$C,Table1[[#This Row],[DESCRIPTION2]]) -> 18 | I115: =Table1[[#This Row],[OPENING]]+Table1[[#This Row],[RECEIPT]]-Table1[[#This Row],[ISSUANCE]] -> 0
A116: =IF(Table1[[#This Row],[DESCRIPTION2]]="","",A115+1) -> 115 | B116: VOMISTOP | C116: DOMPERIDONE | D116: TABLET | E116: BOX | F116: 28 | G116: =SUMIFS(TRANSACTION!D:D,TRANSACTION!C:C,Table1[[#This Row],[DESCRIPTION2]]) -> 0 | H116: =SUMIFS(TRANSACTION!$E:$E,TRANSACTION!$C:$C,Table1[[#This Row],[DESCRIPTION2]]) -> 28 | I116: =Table1[[#This Row],[OPENING]]+Table1[[#This Row],[RECEIPT]]-Table1[[#This Row],[ISSUANCE]] -> 0
A117: =IF(Table1[[#This Row],[DESCRIPTION2]]="","",A116+1) -> 116 | B117: P-ORPH | C117: PARACETAMOL + ORPHENADRINE CITRATE | D117: TABLET | E117: BOX | F117: 2 | G117: =SUMIFS(TRANSACTION!D:D,TRANSACTION!C:C,Table1[[#This Row],[DESCRIPTION2]]) -> 0 | H117: =SUMIFS(TRANSACTION!$E:$E,TRANSACTION!$C:$C,Table1[[#This Row],[DESCRIPTION2]]) -> 2 | I117: =Table1[[#This Row],[OPENING]]+Table1[[#This Row],[RECEIPT]]-Table1[[#This Row],[ISSUANCE]] -> 0
A118: =IF(Table1[[#This Row],[DESCRIPTION2]]="","",A117+1) -> 117 | B118: Z-CIPRO 500MG | C118: CIPROFLOXACIN | D118: TABLET | E118: BOX | F118: 7 | G118: =SUMIFS(TRANSACTION!D:D,TRANSACTION!C:C,Table1[[#This Row],[DESCRIPTION2]]) -> 0 | H118: =SUMIFS(TRANSACTION!$E:$E,TRANSACTION!$C:$C,Table1[[#This Row],[DESCRIPTION2]]) -> 7 | I118: =Table1[[#This Row],[OPENING]]+Table1[[#This Row],[RECEIPT]]-Table1[[#This Row],[ISSUANCE]] -> 0
A119: =IF(Table1[[#This Row],[DESCRIPTION2]]="","",A118+1) -> 118 | B119: Z-CIPRO 250MG | C119: CIPROFLOXACIN | D119: TABLET | E119: BOX | F119: 30 | G119: =SUMIFS(TRANSACTION!D:D,TRANSACTION!C:C,Table1[[#This Row],[DESCRIPTION2]]) -> 0 | H119: =SUMIFS(TRANSACTION!$E:$E,TRANSACTION!$C:$C,Table1[[#This Row],[DESCRIPTION2]]) -> 16 | I119: =Table1[[#This Row],[OPENING]]+Table1[[#This Row],[RECEIPT]]-Table1[[#This Row],[ISSUANCE]] -> 14 | K119: EXP: 02/27
A120: =IF(Table1[[#This Row],[DESCRIPTION2]]="","",A119+1) -> 119 | B120: CIPROHEIM 250MG | C120: CIPROFLOXACIN | D120: TABLET | E120: BOX | F120: 18 | G120: =SUMIFS(TRANSACTION!D:D,TRANSACTION!C:C,Table1[[#This Row],[DESCRIPTION2]]) -> 0 | H120: =SUMIFS(TRANSACTION!$E:$E,TRANSACTION!$C:$C,Table1[[#This Row],[DESCRIPTION2]]) -> 0 | I120: =Table1[[#This Row],[OPENING]]+Table1[[#This Row],[RECEIPT]]-Table1[[#This Row],[ISSUANCE]] -> 18 | K120: EXP: 03/27
A121: =IF(Table1[[#This Row],[DESCRIPTION2]]="","",A120+1) -> 120 | B121: CIPRONET 500MG | C121: CIPROFLOXACIN | D121: TABLET | E121: BOX | F121: 10 | G121: =SUMIFS(TRANSACTION!D:D,TRANSACTION!C:C,Table1[[#This Row],[DESCRIPTION2]]) -> 0 | H121: =SUMIFS(TRANSACTION!$E:$E,TRANSACTION!$C:$C,Table1[[#This Row],[DESCRIPTION2]]) -> 10 | I121: =Table1[[#This Row],[OPENING]]+Table1[[#This Row],[RECEIPT]]-Table1[[#This Row],[ISSUANCE]] -> 0
A122: =IF(Table1[[#This Row],[DESCRIPTION2]]="","",A121+1) -> 121 | B122: CIPACT 250MG | C122: CIPROFLOXACIN | D122: TABLET | E122: BOX | F122: 9 | G122: =SUMIFS(TRANSACTION!D:D,TRANSACTION!C:C,Table1[[#This Row],[DESCRIPTION2]]) -> 0 | H122: =SUMIFS(TRANSACTION!$E:$E,TRANSACTION!$C:$C,Table1[[#This Row],[DESCRIPTION2]]) -> 0 | I122: =Table1[[#This Row],[OPENING]]+Table1[[#This Row],[RECEIPT]]-Table1[[#This Row],[ISSUANCE]] -> 9 | K122: EXP: 05/26
A123: =IF(Table1[[#This Row],[DESCRIPTION2]]="","",A122+1) -> 122 | B123: COOVER 400MG | C123: CEFIXIME | D123: TABLET | E123: BOX | F123: 18 | G123: =SUMIFS(TRANSACTION!D:D,TRANSACTION!C:C,Table1[[#This Row],[DESCRIPTION2]]) -> 0 | H123: =SUMIFS(TRANSACTION!$E:$E,TRANSACTION!$C:$C,Table1[[#This Row],[DESCRIPTION2]]) -> 18 | I123: =Table1[[#This Row],[OPENING]]+Table1[[#This Row],[RECEIPT]]-Table1[[#This Row],[ISSUANCE]] -> 0
A124: =IF(Table1[[#This Row],[DESCRIPTION2]]="","",A123+1) -> 123 | B124: DAFLON 500MG | C124: MICRONIAZID, PURIFIED FLAVONOID FRACTION | D124: TABLET | E124: BOX | F124: 0 | G124: =SUMIFS(TRANSACTION!D:D,TRANSACTION!C:C,Table1[[#This Row],[DESCRIPTION2]]) -> 20 | H124: =SUMIFS(TRANSACTION!$E:$E,TRANSACTION!$C:$C,Table1[[#This Row],[DESCRIPTION2]]) -> 20 | I124: =Table1[[#This Row],[OPENING]]+Table1[[#This Row],[RECEIPT]]-Table1[[#This Row],[ISSUANCE]] -> 0
A125: =IF(Table1[[#This Row],[DESCRIPTION2]]="","",A124+1) -> 124 | B125: SAFEPRAM | C125: ESCITALOPRAM | D125: TABLET | E125: BOX | F125: 2 | G125: =SUMIFS(TRANSACTION!D:D,TRANSACTION!C:C,Table1[[#This Row],[DESCRIPTION2]]) -> 20 | H125: =SUMIFS(TRANSACTION!$E:$E,TRANSACTION!$C:$C,Table1[[#This Row],[DESCRIPTION2]]) -> 7 | I125: =Table1[[#This Row],[OPENING]]+Table1[[#This Row],[RECEIPT]]-Table1[[#This Row],[ISSUANCE]] -> 15
A126: =IF(Table1[[#This Row],[DESCRIPTION2]]="","",A125+1) -> 125 | B126: COLDREX | C126: PARACETAMOL, DETROMETHORPHAN, CHLORPHENIRAMINE | D126: TABLET | E126: BOX | F126: 0 | G126: =SUMIFS(TRANSACTION!D:D,TRANSACTION!C:C,Table1[[#This Row],[DESCRIPTION2]]) -> 77 | H126: =SUMIFS(TRANSACTION!$E:$E,TRANSACTION!$C:$C,Table1[[#This Row],[DESCRIPTION2]]) -> 53 | I126: =Table1[[#This Row],[OPENING]]+Table1[[#This Row],[RECEIPT]]-Table1[[#This Row],[ISSUANCE]] -> 24
A127: =IF(Table1[[#This Row],[DESCRIPTION2]]="","",A126+1) -> 126 | B127: AMLIS 10 MG | C127: AMLODIPINE BESYLATE | D127: TABLET | E127: BOX | F127: 6 | G127: =SUMIFS(TRANSACTION!D:D,TRANSACTION!C:C,Table1[[#This Row],[DESCRIPTION2]]) -> 0 | H127: =SUMIFS(TRANSACTION!$E:$E,TRANSACTION!$C:$C,Table1[[#This Row],[DESCRIPTION2]]) -> 6 | I127: =Table1[[#This Row],[OPENING]]+Table1[[#This Row],[RECEIPT]]-Table1[[#This Row],[ISSUANCE]] -> 0
A128: =IF(Table1[[#This Row],[DESCRIPTION2]]="","",A127+1) -> 127 | B128: FEXOFAX 60MG | C128: FEXOFENADINE | D128: TABLET | E128: BOX | F128: 1 | G128: =SUMIFS(TRANSACTION!D:D,TRANSACTION!C:C,Table1[[#This Row],[DESCRIPTION2]]) -> 0 | H128: =SUMIFS(TRANSACTION!$E:$E,TRANSACTION!$C:$C,Table1[[#This Row],[DESCRIPTION2]]) -> 1 | I128: =Table1[[#This Row],[OPENING]]+Table1[[#This Row],[RECEIPT]]-Table1[[#This Row],[ISSUANCE]] -> 0
A129: =IF(Table1[[#This Row],[DESCRIPTION2]]="","",A128+1) -> 128 | B129: ORTIZIN 10MG | C129: CETIRIZINE DIHYDROCHLORIDE | D129: TABLET | E129: BOX | F129: 13 | G129: =SUMIFS(TRANSACTION!D:D,TRANSACTION!C:C,Table1[[#This Row],[DESCRIPTION2]]) -> 0 | H129: =SUMIFS(TRANSACTION!$E:$E,TRANSACTION!$C:$C,Table1[[#This Row],[DESCRIPTION2]]) -> 13 | I129: =Table1[[#This Row],[OPENING]]+Table1[[#This Row],[RECEIPT]]-Table1[[#This Row],[ISSUANCE]] -> 0
A130: =IF(Table1[[#This Row],[DESCRIPTION2]]="","",A129+1) -> 129 | B130: NEUROBION | C130: VIT B1, B6, B12 | D130: CAPSULE | E130: BOX | F130: 0 | G130: =SUMIFS(TRANSACTION!D:D,TRANSACTION!C:C,Table1[[#This Row],[DESCRIPTION2]]) -> 10 | H130: =SUMIFS(TRANSACTION!$E:$E,TRANSACTION!$C:$C,Table1[[#This Row],[DESCRIPTION2]]) -> 10 | I130: =Table1[[#This Row],[OPENING]]+Table1[[#This Row],[RECEIPT]]-Table1[[#This Row],[ISSUANCE]] -> 0
A131: =IF(Table1[[#This Row],[DESCRIPTION2]]="","",A130+1) -> 130 | B131: MECOBALAMINE | C131: MECOBALAMINE | D131: CAPSULE | E131: BOX | F131: 26 | G131: =SUMIFS(TRANSACTION!D:D,TRANSACTION!C:C,Table1[[#This Row],[DESCRIPTION2]]) -> 0 | H131: =SUMIFS(TRANSACTION!$E:$E,TRANSACTION!$C:$C,Table1[[#This Row],[DESCRIPTION2]]) -> 26 | I131: =Table1[[#This Row],[OPENING]]+Table1[[#This Row],[RECEIPT]]-Table1[[#This Row],[ISSUANCE]] -> 0
A132: =IF(Table1[[#This Row],[DESCRIPTION2]]="","",A131+1) -> 131 | B132: SANGOBION | C132: IRON + B COMPLEX | D132: CAPSULE | E132: BOX | F132: 1 | G132: =SUMIFS(TRANSACTION!D:D,TRANSACTION!C:C,Table1[[#This Row],[DESCRIPTION2]]) -> 18 | H132: =SUMIFS(TRANSACTION!$E:$E,TRANSACTION!$C:$C,Table1[[#This Row],[DESCRIPTION2]]) -> 13 | I132: =Table1[[#This Row],[OPENING]]+Table1[[#This Row],[RECEIPT]]-Table1[[#This Row],[ISSUANCE]] -> 6
A133: =IF(Table1[[#This Row],[DESCRIPTION2]]="","",A132+1) -> 132 | B133: COZOLE | C133: FLUCONAZOLE | D133: CAPSULE | E133: BOX | F133: 9 | G133: =SUMIFS(TRANSACTION!D:D,TRANSACTION!C:C,Table1[[#This Row],[DESCRIPTION2]]) -> 360 | H133: =SUMIFS(TRANSACTION!$E:$E,TRANSACTION!$C:$C,Table1[[#This Row],[DESCRIPTION2]]) -> 289 | I133: =Table1[[#This Row],[OPENING]]+Table1[[#This Row],[RECEIPT]]-Table1[[#This Row],[ISSUANCE]] -> 80
A134: =IF(Table1[[#This Row],[DESCRIPTION2]]="","",A133+1) -> 133 | B134: LINK-D | C134: VITAMIN D | D134: CAPSULE | E134: BOX | F134: 28 | G134: =SUMIFS(TRANSACTION!D:D,TRANSACTION!C:C,Table1[[#This Row],[DESCRIPTION2]]) -> 490 | H134: =SUMIFS(TRANSACTION!$E:$E,TRANSACTION!$C:$C,Table1[[#This Row],[DESCRIPTION2]]) -> 383 | I134: =Table1[[#This Row],[OPENING]]+Table1[[#This Row],[RECEIPT]]-Table1[[#This Row],[ISSUANCE]] -> 135
A135: =IF(Table1[[#This Row],[DESCRIPTION2]]="","",A134+1) -> 134 | B135: LOPIUM | C135: LOPERAMIDE | D135: CAPSULE | E135: BOX | F135: 32 | G135: =SUMIFS(TRANSACTION!D:D,TRANSACTION!C:C,Table1[[#This Row],[DESCRIPTION2]]) -> 0 | H135: =SUMIFS(TRANSACTION!$E:$E,TRANSACTION!$C:$C,Table1[[#This Row],[DESCRIPTION2]]) -> 30 | I135: =Table1[[#This Row],[OPENING]]+Table1[[#This Row],[RECEIPT]]-Table1[[#This Row],[ISSUANCE]] -> 2 | K135: EXP: 09/26
A136: =IF(Table1[[#This Row],[DESCRIPTION2]]="","",A135+1) -> 135 | B136: FEFOL VIT | C136: IRON + VITAMINS + FOLIC ACID | D136: CAPSULE | E136: BOX | F136: 4 | G136: =SUMIFS(TRANSACTION!D:D,TRANSACTION!C:C,Table1[[#This Row],[DESCRIPTION2]]) -> 40 | H136: =SUMIFS(TRANSACTION!$E:$E,TRANSACTION!$C:$C,Table1[[#This Row],[DESCRIPTION2]]) -> 16 | I136: =Table1[[#This Row],[OPENING]]+Table1[[#This Row],[RECEIPT]]-Table1[[#This Row],[ISSUANCE]] -> 28
A137: =IF(Table1[[#This Row],[DESCRIPTION2]]="","",A136+1) -> 136 | B137: ILARIO | C137: DULOXETINE | D137: CAPSULE | E137: BOX | F137: 38 | G137: =SUMIFS(TRANSACTION!D:D,TRANSACTION!C:C,Table1[[#This Row],[DESCRIPTION2]]) -> 0 | H137: =SUMIFS(TRANSACTION!$E:$E,TRANSACTION!$C:$C,Table1[[#This Row],[DESCRIPTION2]]) -> 38 | I137: =Table1[[#This Row],[OPENING]]+Table1[[#This Row],[RECEIPT]]-Table1[[#This Row],[ISSUANCE]] -> 0
A138: =IF(Table1[[#This Row],[DESCRIPTION2]]="","",A137+1) -> 137 | B138: CLAMENTIN DS | C138: CO-AMOXICLAV | D138: CAPSULE | E138: BOX | F138: 6 | G138: =SUMIFS(TRANSACTION!D:D,TRANSACTION!C:C,Table1[[#This Row],[DESCRIPTION2]]) -> 77 | H138: =SUMIFS(TRANSACTION!$E:$E,TRANSACTION!$C:$C,Table1[[#This Row],[DESCRIPTION2]]) -> 83 | I138: =Table1[[#This Row],[OPENING]]+Table1[[#This Row],[RECEIPT]]-Table1[[#This Row],[ISSUANCE]] -> 0
A139: =IF(Table1[[#This Row],[DESCRIPTION2]]="","",A138+1) -> 138 | B139: NOVOMAX 500MG | C139: AMOXICILLIN | D139: CAPSULE | E139: BOX | F139: 1 | G139: =SUMIFS(TRANSACTION!D:D,TRANSACTION!C:C,Table1[[#This Row],[DESCRIPTION2]]) -> 0 | H139: =SUMIFS(TRANSACTION!$E:$E,TRANSACTION!$C:$C,Table1[[#This Row],[DESCRIPTION2]]) -> 1 | I139: =Table1[[#This Row],[OPENING]]+Table1[[#This Row],[RECEIPT]]-Table1[[#This Row],[ISSUANCE]] -> 0
A140: =IF(Table1[[#This Row],[DESCRIPTION2]]="","",A139+1) -> 139 | B140: AMOXYCILLIN 250MG | C140: AMOXICILLIN | D140: CAPSULE | E140: BOX | F140: 16 | G140: =SUMIFS(TRANSACTION!D:D,TRANSACTION!C:C,Table1[[#This Row],[DESCRIPTION2]]) -> 0 | H140: =SUMIFS(TRANSACTION!$E:$E,TRANSACTION!$C:$C,Table1[[#This Row],[DESCRIPTION2]]) -> 16 | I140: =Table1[[#This Row],[OPENING]]+Table1[[#This Row],[RECEIPT]]-Table1[[#This Row],[ISSUANCE]] -> 0
A141: =IF(Table1[[#This Row],[DESCRIPTION2]]="","",A140+1) -> 140 | B141: AMOXYCILLIN 500MG | C141: AMOXICILLIN | D141: CAPSULE | E141: BOX | F141: 8 | G141: =SUMIFS(TRANSACTION!D:D,TRANSACTION!C:C,Table1[[#This Row],[DESCRIPTION2]]) -> 0 | H141: =SUMIFS(TRANSACTION!$E:$E,TRANSACTION!$C:$C,Table1[[#This Row],[DESCRIPTION2]]) -> 8 | I141: =Table1[[#This Row],[OPENING]]+Table1[[#This Row],[RECEIPT]]-Table1[[#This Row],[ISSUANCE]] -> 0
A142: =IF(Table1[[#This Row],[DESCRIPTION2]]="","",A141+1) -> 141 | B142: AMOXIPEN 500MG | C142: AMOXICILLIN | D142: CAPSULE | E142: BOX | F142: 4 | G142: =SUMIFS(TRANSACTION!D:D,TRANSACTION!C:C,Table1[[#This Row],[DESCRIPTION2]]) -> 0 | H142: =SUMIFS(TRANSACTION!$E:$E,TRANSACTION!$C:$C,Table1[[#This Row],[DESCRIPTION2]]) -> 4 | I142: =Table1[[#This Row],[OPENING]]+Table1[[#This Row],[RECEIPT]]-Table1[[#This Row],[ISSUANCE]] -> 0
A143: =IF(Table1[[#This Row],[DESCRIPTION2]]="","",A142+1) -> 142 | B143: ARCOMOX 250MG | C143: AMOXICILLIN | D143: CAPSULE | E143: BOX | F143: 9 | G143: =SUMIFS(TRANSACTION!D:D,TRANSACTION!C:C,Table1[[#This Row],[DESCRIPTION2]]) -> 0 | H143: =SUMIFS(TRANSACTION!$E:$E,TRANSACTION!$C:$C,Table1[[#This Row],[DESCRIPTION2]]) -> 9 | I143: =Table1[[#This Row],[OPENING]]+Table1[[#This Row],[RECEIPT]]-Table1[[#This Row],[ISSUANCE]] -> 0
A144: =IF(Table1[[#This Row],[DESCRIPTION2]]="","",A143+1) -> 143 | B144: NAFZOLE 40MG | C144: OMEPRAZOLE | D144: CAPSULE | E144: BOX | F144: 12 | G144: =SUMIFS(TRANSACTION!D:D,TRANSACTION!C:C,Table1[[#This Row],[DESCRIPTION2]]) -> 0 | H144: =SUMIFS(TRANSACTION!$E:$E,TRANSACTION!$C:$C,Table1[[#This Row],[DESCRIPTION2]]) -> 12 | I144: =Table1[[#This Row],[OPENING]]+Table1[[#This Row],[RECEIPT]]-Table1[[#This Row],[ISSUANCE]] -> 0
...

Sheet TRANSACTION
B2: DATE | C2: ITEM | D2: RECEIPT | E2: ISSUANCE | F2: REMARKS
B3: 45869 | C3: BETADERM
B4: 45869 | C4: CLOTRIM
B5: 45869 | C5: DAKTARIN GEL
B6: 45869 | C6: DEXA-N
B7: 45869 | C7: FUDINAG
B8: 45869 | C8: FUSIDIC-H
B9: 45869 | C9: GENTICYN
B10: 45869 | C10: KANADEX-N
B11: 45869 | C11: MIDROZOLE ORAL GEL
B12: 45869 | C12: MAFDIC
B13: 45869 | C13: MAFTRIM
B14: 45869 | C14: NOVESTEN
... B334: 46119 | C334: FEVEREN
B352: 45870 | C352: AMROPLEX | E352: 1
B353: 45870 | C353: COZOLE | E353: 8
B354: 45870 | C354: NEUROBION | E354: 1
B355: 45870 | C355: ATENOPHARM 50MG | E355: 5
B356: 45870 | C356: AMCOBAL | E356: 1
B357: 45870 | C357: CRANMAC | E357: 2
B358: 45870 | C358: EFZOCAL-C | E358: 1
B359: 45870 | C359: FEFOL VIT | E359: 2
B360: 45870 | C360: ADICOVIL | E360: 1
B361: 45870 | C361: TREMOMED | E361: 2
B362: 45870 | C362: ELINGTON | E362: 2
B363: 45870 | C363: P-ORPH | E363: 2
... B383: 45875 | C383: FLUSAID | E383: 1
B384: 45875 | C384: BFL | D384: 2 | F384: FOUND OLD STOCK
B385: 45875 | C385: MULTILIFE | E385: 3 | F385: STOCK CLEARANCE
B386: 45876 | C386: XIMBACT 400MG | E386: 5
B387: 45876 | C387: ALDRON | E387: 2
B388: 45876 | C388: BEFLAM | E388: 1
B389: 45876 | C389: LORGY 10MG | E389: 2
B390: 45876 | C390: LORGY D | E390: 2
B391: 45876 | C391: FAMVID | E391: 6
B392: 45876 | C392: COZOLE | E392: 1
B393: 45876 | C393: CRANMAC | E393: 3
B394: 45876 | C394: LINK-D | E394: 7
B395: 45877 | C395: Z-CIPRO 500MG | E395: 3
B396: 45878 | C396: PARACETAMOL SYRUP | E396: 7
B397: 45878 | C397: MEDIV | E397: 4
... B405: 45878 | C405: FUDINAG | E405: 4
B406: 45878 | C406: COZOLE | D406: 50 | F406: EPHARM LABORATORIES
B407: 45878 | C407: ANACOBIN | D407: 3 | F407: EPHARM LABORATORIES
B408: 45878 | C408: CONATE | D408: 20 | F408: EPHARM LABORATORIES
B409: 45878 | C409: EBSINE | D409: 10 | F409: EPHARM LABORATORIES
B410: 45878 | C410: PARABELLUM | D410: 5 | F410: EPHARM LABORATORIES
B411: 45880 | C411: CONATE | E411: 4
B412: 45880 | C412: PARABELLUM | E412: 1
B413: 45880 | C413: BRUFEN | D413: 20 | F413: DONATED BY ARSHAD IQBAL
B414: 45880 | C414: AVIL | D414: 20 | F414: DONATED BY ARSHAD IQBAL
B415: 45880 | C415: DUPHALAC | D415: 20 | F415: DONATED BY ARSHAD IQBAL
B416: 45880 | C416: VIT D3 | D416: 2 | F416: DONATED BY ARSHAD IQBAL
B417: 45880 | C417: INDROP D | D417: 10 | F417: DONATED BY ARSHAD IQBAL
B418: 45880 | C418: PRIMULOT-N | D418: 10 | F418: DONATED BY ARSHAD IQBAL
B419: 45880 | C419: DUPHASTON | D419: 10 | F419: DONATED BY ARSHAD IQBAL
B420: 45880 | C420: GENTICYN | D420: 10 | F420: DONATED BY ARSHAD IQBAL
B421: 45880 | C421: REVITALE MULTI | D421: 2 | F421: DONATED BY ARSHAD IQBAL
B422: 45880 | C422: SCABFREE | D422: 20 | F422: DONATED BY ARSHAD IQBAL
B423: 45880 | C423: BRUFEN | E423: 5
B424: 45880 | C424: DUPHALAC | E424: 5
B425: 45880 | C425: EBSINE | E425: 2
B426: 45880 | C426: DUPHASTON | E426: 2
B427: 45880 | C427: AVIL | E427: 1
B428: 45880 | C428: REVITALE MULTI | E428: 1
B429: 45880 | C429: DICO-SR | E429: 2
B430: 45880 | C430: CLAMENTIN DS | E430: 2
B431: 45880 | C431: Z-CIPRO 500MG | E431: 4
B432: 45881 | C432: KALSOB | D432: 10 | F432: DONATED BY ARSHAD IQBAL
B433: 45881 | C433: LINK-D | D433: 50 | F433: DONATED BY ARSHAD IQBAL
B434: 45881 | C434: VIT D3 | D434: 20 | F434: DONATED BY ARSHAD IQBAL
B435: 45881 | C435: KALSOB | E435: 2
B436: 45881 | C436: LINK-D | E436: 10
B437: 45881 | C437: XIMBACT 400MG | E437: 6
B438: 45881 | C438: REVITALE MULTI | E438: 1
B439: 45881 | C439: CONATE | E439: 6
B440: 45881 | C440: COZOLE | E440: 10
B441: 45881 | C441: NEW-D | E441: 3
B442: 45881 | C442: NOVOMAX 500MG | E442: 1 | F442: DONATED TO SHED HOSPITAL
B443: 45881 | C443: ARCOMOX 250MG | E443: 5 | F443: DONATED TO SHED HOSPITAL
B444: 45881 | C444: AMOXYCILLIN 250MG | E444: 16 | F444: DONATED TO SHED HOSPITAL
B445: 45881 | C445: AMOXYCILLIN 500MG | E445: 8 | F445: DONATED TO SHED HOSPITAL
B446: 45881 | C446: JENVAL 10MG | E446: 48 | F446: DONATED TO SHED HOSPITAL
B447: 45881 | C447: JENVAL 5MG | E447: 26 | F447: DONATED TO SHED HOSPITAL
B448: 45881 | C448: VILGO-D | E448: 50 | F448: DONATED TO SHED HOSPITAL
B449: 45881 | C449: BENZIN 40MG | E449: 50 | F449: DONATED TO SHED HOSPITAL
B450: 45881 | C450: ILARIO | E450: 24 | F450: DONATED TO SHED HOSPITAL
B451: 45881 | C451: LOPIUM | E451: 22 | F451: DONATED TO SHED HOSPITAL
B452: 45881 | C452: MECOBALAMINE | E452: 8 | F452: DONATED TO SHED HOSPITAL
B453: 45881 | C453: CIBA DOXY | E453: 6 | F453: DONATED TO SHED HOSPITAL
... B457: 45881 | C457: MULTIVITAMIN | E457: 13 | F457: DONATED TO SHED HOSPITAL
B458: 45882 | C458: CLAMENTIN DS | E458: 4
B459: 45882 | C459: FEMAX | D459: 10 | F459: DONATED BY ARSHAD IQBAL
B460: 45884 | C460: LINK-D | E460: 10
B461: 45884 | C461: FEMAX | E461: 2
B462: 45884 | C462: DINCLOR | E462: 4
B463: 45884 | C463: PARABELLUM | E463: 1
B464: 45884 | C464: NEUROBION | E464: 1
B465: 45885 | C465: COLDREX | E465: 1
B466: 45885 | C466: CIPRONET 500MG | E466: 5
...

Sheet Pharmacy
A2: S# | B2: DESCRIPTION | C2: COMPOSITION | D2: TYPE | E2: CATEGORY | F2: QTY
A3: 1 | B3: BETADERM | C3: MICONAZOLE + NEOMYCIN + BETAMETHASONE | D3: CREAM | E3: OPENING
A4: 2 | B4: CLOTRIM | C4: CLOTRIMAZOLE | D4: CREAM | E4: OPENING
A5: 3 | B5: DAKTARIN GEL | C5: MICONAZOLE | D5: GEL | E5: OPENING
A6: 4 | B6: DEXA-N | C6: DEXAMETHASONE + NEOMYCIN | D6: CREAM | E6: OPENING
A7: 5 | B7: FUDINAC | C7: FUSIDIC ACID + BETAMETHASONE VALERATE | D7: CREAM | E7: OPENING
A8: 6 | B8: FUSIDIC-H | C8: FUSIDIC ACID + BETHAMETHASONE VALERATE | D8: CREAM | E8: OPENING | F8: 0
A9: 7 | B9: GENTICYN | C9: GENTAMICIN | D9: CREAM | E9: OPENING
A10: 8 | B10: KANDEX-N | C10: DEXAMETHASONE + NEOMYCIN | D10: CREAM | E10: OPENING
A11: 9 | B11: MIDRAZOLE | C11: MICONAZOLE | D11: CREAM | E11: OPENING
A12: 10 | B12: MAFDIC | C12: FUSIDIC ACID | D12: CREAM | E12: OPENING
A13: 11 | B13: MAFTRIM | C13: CLOTRIMAZOLE | D13: CREAM | E13: OPENING
A14: 12 | B14: NOVESTEN | C14: CLOTRIMAZOLE | D14: CREAM | E14: OPENING
A15: 13 | B15: POLYFAX | C15: POLYFAX | D15: CREAM | E15: OPENING
A16: 14 | B16: SCABFREE | C16: PERMETHRIN | D16: CREAM | E16: OPENING
A17: 15 | B17: SKINFAX | C17: SKINFAX | D17: CREAM | E17: OPENING
A18: 16 | B18: XYLOAID | C18: LIDOCAINE | D18: CREAM | E18: OPENING
A19: 17 | B19: ABDO-Z | C19: ANTIDIARRHEAL + ZINC | D19: SYRUP | E19: OPENING
A20: 18 | B20: AUGMENTIN DS | C20: CO-AMOXICLAV | D20: SYRUP | E20: OPENING
... A173: 171 | B173: TRANSAMIN | C173: TRANEXAMIC ACID | D173: INJECTION | E173: OPENING
A174: 172
A175: 173
A176: 174
A177: 175
A178: 176
A179: 177
A180: 178
